email,name
alice@example.com,Alice
bob@example.com,Bob
charlie@example.com,Charlie
david@example.com,David
eve@example.com,Eve
tanaybhadade.22@stvincentngp.edu.in,Tanay
brentriley@example.org,Christina Murphy
cvasquez@example.com,Megan Hoffman
peter30@example.net,Cynthia Williams
cbarnes@example.net,Joshua Roberts
jaime75@example.net,Peter Lopez
shayes@example.net,Luis Clements
johnberry@example.net,Joshua Marsh
michelle11@example.net,Richard Drake
reidbrooke@example.net,Patricia Cruz
chaveznatalie@example.net,Samantha Carter
eoliver@example.org,Beth Fletcher
longrandy@example.org,Robert Haynes
katrina06@example.org,Cheryl Taylor
ricky09@example.net,April Shah
larry77@example.com,Andrew Medina MD
yvonnelewis@example.net,Vanessa Perez
richard94@example.com,Christopher Mason
hthornton@example.org,Robert Hill
ythomas@example.net,Michael Kennedy
coxalex@example.net,Paul Jacobs
melissa67@example.net,Antonio Ruiz
ljones@example.net,Veronica Shaw
jessica71@example.org,Sean Williams
denisesmith@example.org,Corey Lee
smoreno@example.org,Kevin Best
maciasmaria@example.net,Amanda Cummings
ferrellrachel@example.com,Tiffany Hooper
matthew13@example.org,Lynn Anthony
msanchez@example.com,Timothy Lee
jacksonlauren@example.org,Samantha Velazquez
scottmatthew@example.com,Jeffrey Mayer
mmay@example.org,Jordan Campbell
brownashley@example.org,Jeffrey White
judithroy@example.org,Jessica Watts
christopher68@example.org,Hannah Wright
carolynbaldwin@example.com,Katherine Holmes
evanshaw@example.org,Lisa Stephenson
plee@example.net,Mrs. Lisa Anderson
williamharmon@example.org,Colleen Wallace
william39@example.net,Patrick Morris
vancejames@example.org,Paul Wilson
coffeydavid@example.net,Emma Osborne
sarahanthony@example.com,Anne Oconnell
victor55@example.org,Connor Rollins
ortizdana@example.com,Kathryn Jones
mariahschaefer@example.com,Nancy Ford
lecynthia@example.com,Taylor Campos
lgarcia@example.com,Courtney Gonzalez
jennifermayer@example.org,Kathleen Roberts
pdavis@example.net,Hannah Roberts
erinfranco@example.com,David Anderson
tylerorr@example.com,Evelyn Fernandez
jonesgina@example.com,Valerie Johnston
williamseduardo@example.com,Deborah Carr
austincooper@example.org,Jennifer Torres
haleybrett@example.com,Amy Smith
denisemcfarland@example.com,Mrs. Mary Phillips
lwalker@example.org,Jeffrey Montgomery
denise48@example.org,Helen Allen
lrobinson@example.com,Craig Williams DDS
jennifer06@example.org,Ashley Evans
mendezmichaela@example.org,Laura Lewis
josephmiller@example.net,Justin Harmon
sarah72@example.com,Ryan Hayes
riggssteven@example.org,Penny Wilson
normandestiny@example.net,Thomas Smith
morganscott@example.com,Dr. Katherine Cooper
urogers@example.com,Michelle Lee
craiganderson@example.org,Lisa Mcdonald
anthony02@example.com,Victor Boyd
robert60@example.com,Michael Smith
christian52@example.com,Daniel Burton
hprice@example.net,Mary Harris
anitawood@example.net,Brent Miles
raymondlewis@example.org,Spencer Marshall
ysims@example.net,Sierra Lee
danielle15@example.net,Kimberly Jackson
tammymoore@example.net,Michelle Boone DDS
gross@example.net,Mark Nelson
jeffreyalvarez@example.com,Bobby Miller
wilsonwilliam@example.com,Victoria Bowen
bbaker@example.com,Bradley Gonzales
hollowaytroy@example.net,Daniel Nichols
ryanbruce@example.net,Jane Johnson
aaron54@example.net,Dr. Tiffany Murray
pandrews@example.com,Colin Calhoun
william30@example.org,Jason Diaz
alyssasimon@example.com,Jillian Mcclain
ronaldtaylor@example.com,Judith Stark
garciakyle@example.net,Virginia Lyons
garcialawrence@example.com,Carlos Chambers
levychristine@example.org,Christopher Cochran
mcoleman@example.net,Nathan Chan
michele77@example.net,Stacey Houston
ywelch@example.org,Peter Roberts
luis99@example.com,April Jordan
nicole21@example.org,Lori Hernandez
brian89@example.com,Phillip Miller
amandabenjamin@example.com,Larry Campbell
stevenmiller@example.com,Christian Cook
tylerlopez@example.org,Robert Thompson
nicole95@example.com,Joseph Thompson
flemingjacqueline@example.org,Clifford Hernandez
chavezshelby@example.com,James Hawkins
qwalker@example.net,Rhonda Hernandez
